"pedon_id","province","cal_year","latitude","longitude","conf_metrs","has_organic_horizon","std_stock_kgm2","std_stock_complete","dist_fort_severn_km","flag_location_conf_poor"
42830,"manitoba",1965,51.2290382,-97.5323715,151,FALSE,8.0794,TRUE,841.014199771771,FALSE
43005,"manitoba",1966,51.130661,-97.0738373,151,TRUE,10.737,TRUE,825.597076249882,FALSE
43011,"manitoba",1966,51.1264381,-97.0368576,151,TRUE,15.51,TRUE,824.099398022974,FALSE
43311,"manitoba",1972,56.7766609,-98.9348602,151,FALSE,9.959,TRUE,699.793911953633,FALSE
43714,"manitoba",1976,49.6500015,-97.1169891,26,FALSE,15.96,TRUE,950.724506856402,FALSE
43716,"manitoba",1976,49.1987305,-98.2506638,16,FALSE,21.144,TRUE,1041.20439643546,FALSE
43816,"manitoba",1977,50.6562004,-97.0176315,16,FALSE,14.432,TRUE,860.899647200614,FALSE
43820,"manitoba",1977,50.7502785,-96.9966507,16,FALSE,12.152,TRUE,852.21818776287,FALSE
43829,"manitoba",1977,50.7285194,-96.9919128,16,FALSE,6.525,TRUE,853.762681729113,FALSE
43852,"manitoba",1977,49.2836304,-99.5284119,16,FALSE,10.35,TRUE,1094.72458827483,FALSE
43860,"manitoba",1977,50.5368195,-100.1758499,16,FALSE,6.041,TRUE,1030.33019087261,FALSE
43861,"manitoba",1977,50.5285988,-100.1432037,16,FALSE,6.44,TRUE,1029.19317494365,FALSE
43892,"manitoba",1978,49.8715591,-96.8787537,16,FALSE,11.16,TRUE,920.788863045897,FALSE
43896,"manitoba",1978,50.0822601,-96.6079025,16,FALSE,8.205,TRUE,890.394670374174,FALSE
43898,"manitoba",1978,50.0943184,-96.4557266,16,FALSE,17.934,TRUE,882.578280944245,FALSE
43899,"manitoba",1978,49.9788284,-96.5438538,16,TRUE,14,TRUE,896.560104826512,FALSE
43902,"manitoba",1978,50.0973282,-96.4290009,16,FALSE,13.01,TRUE,881.133077911472,FALSE
43927,"manitoba",1978,49.8122406,-98.5556107,16,FALSE,15.348,TRUE,1003.99435678185,FALSE
43930,"manitoba",1978,49.79813,-98.7363815,16,FALSE,4.032,TRUE,1013.93225261068,FALSE
43932,"manitoba",1978,49.8251114,-98.7362366,16,FALSE,4.55,TRUE,1011.7252486289,FALSE
43933,"manitoba",1978,49.7938385,-98.3700104,16,FALSE,7.176,TRUE,996.563908038077,FALSE
43934,"manitoba",1978,49.8260689,-98.392807,16,FALSE,6.02,TRUE,994.997682904436,FALSE
43936,"manitoba",1978,49.8521004,-98.7360916,16,FALSE,7.2,TRUE,1009.52168666616,FALSE
43937,"manitoba",1978,49.7671509,-98.3924408,16,FALSE,7.158,TRUE,999.848027837693,FALSE
44070,"manitoba",1980,49.9038506,-98.9967728,16,FALSE,4.466,TRUE,1018.1761617549,FALSE
44072,"manitoba",1980,49.9756584,-98.6900864,16,FALSE,5.4534,TRUE,997.254637761473,FALSE
44159,"manitoba",1981,49.7328796,-98.4636383,16,FALSE,7.266,TRUE,1006.10041085891,FALSE
44160,"manitoba",1981,49.7328796,-98.4643326,16,FALSE,12.7365,TRUE,1006.13373706728,FALSE
44214,"manitoba",1981,49.0125999,-98.1444626,151,FALSE,6.7256,TRUE,1052.49203855314,FALSE
44217,"manitoba",1981,49.045269,-98.1467819,151,FALSE,15.666,TRUE,1049.74951338193,FALSE
44243,"manitoba",1982,50.7994804,-101.300293,16,FALSE,11.808,TRUE,1072.87765271268,FALSE
44244,"manitoba",1982,50.8011589,-101.2556686,16,FALSE,4.944,TRUE,1070.29249784587,FALSE
44255,"manitoba",1983,50.3833389,-99.0170593,16,FALSE,14.524,TRUE,981.412855023658,FALSE
44256,"manitoba",1983,50.4760895,-99.0764923,16,FALSE,9.7182,TRUE,977.322515142535,FALSE
44300,"manitoba",1983,49.158699,-98.5645294,151,FALSE,7.18,TRUE,1059.16421332269,FALSE
44301,"manitoba",1983,49.3262711,-97.8911667,151,FALSE,10.416,TRUE,1013.74702281065,FALSE
44308,"manitoba",1983,49.2995796,-97.9220276,151,FALSE,11.8938,TRUE,1017.46165683438,FALSE
44309,"manitoba",1983,49.2670097,-97.9505081,16,FALSE,11.0852,TRUE,1021.57790180003,FALSE
44311,"manitoba",1983,49.2794189,-97.9403534,151,FALSE,7.134,TRUE,1020.04111417444,FALSE
44314,"manitoba",1983,50.6236305,-101.2782669,16,FALSE,13.7542,TRUE,1083.8149405432,FALSE
44324,"manitoba",1983,49.6797981,-98.3408585,151,FALSE,6.4771,TRUE,1004.64297552991,FALSE
44325,"manitoba",1983,49.7069817,-98.3918076,151,FALSE,13.5953,TRUE,1004.80870775344,FALSE
44335,"manitoba",1983,50.4729614,-100.7126236,151,FALSE,13.839,TRUE,1063.72301085318,FALSE
44336,"manitoba",1984,51.9214516,-101.5099182,151,FALSE,8.5765,TRUE,1013.0100367451,FALSE
44337,"manitoba",1984,51.9283485,-101.4814987,151,FALSE,12.1681,TRUE,1010.95195591174,FALSE
44338,"manitoba",1984,51.9484291,-101.4110031,151,FALSE,14.608,TRUE,1005.67204532907,FALSE
44339,"manitoba",1984,51.9680405,-101.4282227,151,FALSE,16.0584,TRUE,1005.51409595504,FALSE
44346,"manitoba",1984,52.0542793,-101.2756424,16,FALSE,14.7375,TRUE,991.582378925281,FALSE
44349,"manitoba",1984,50.3140907,-97.2980728,16,FALSE,10.6268,TRUE,902.424935693826,FALSE
44350,"manitoba",1984,50.3152809,-97.3744431,16,FALSE,11.8022,TRUE,905.937886172267,FALSE
44351,"manitoba",1984,50.3172302,-97.2372665,16,FALSE,7.8966,TRUE,899.297952980853,FALSE
44352,"manitoba",1984,50.4628906,-97.13591,16,FALSE,8.8128,TRUE,882.427576690936,FALSE
44353,"manitoba",1984,50.477459,-97.1415405,16,FALSE,4.5204,TRUE,881.489989398708,FALSE
44359,"manitoba",1984,49.3768692,-98.806839,151,FALSE,9.2108,TRUE,1052.14576634876,FALSE
44360,"manitoba",1984,49.4793587,-98.6104126,151,FALSE,9.176,TRUE,1034.21369074955,FALSE
44362,"manitoba",1984,49.4195518,-98.6115723,151,FALSE,11.391,TRUE,1039.28238540767,FALSE
44363,"manitoba",1984,49.43993,-98.8776321,151,FALSE,6.05,TRUE,1050.27536829473,FALSE
44368,"manitoba",1984,49.4727592,-98.8758926,151,FALSE,3.48,TRUE,1047.46539574148,FALSE
44369,"manitoba",1985,49.4292717,-98.7066498,16,FALSE,7.9132,TRUE,1042.98612461664,FALSE
44375,"manitoba",1985,49.558651,-98.5268097,16,FALSE,5.4526,TRUE,1023.60571942217,FALSE
44378,"manitoba",1985,49.6740112,-98.7391281,16,FALSE,5.9676,TRUE,1024.23710834252,FALSE
44394,"manitoba",1985,50.2713013,-97.2448578,16,FALSE,10.405,TRUE,903.484373920549,FALSE
44395,"manitoba",1985,50.2199593,-97.2579575,16,FALSE,9.6886,TRUE,908.392266087889,FALSE
54433,"ontario",1960,43.6667099,-80.2831726,25,FALSE,4.4948,TRUE,1468.94557740252,FALSE
54434,"ontario",1960,43.5833817,-80.3998413,25,FALSE,7.9503,TRUE,1474.84581087987,FALSE
54435,"ontario",1960,43.5833817,-80.4165115,25,FALSE,8.3232,TRUE,1474.43433929288,FALSE
54440,"ontario",1962,45.5000496,-75.4496613,25,TRUE,16.34,TRUE,1445.32052441538,FALSE
54511,"ontario",1968,45.4667091,-75.5329971,25,FALSE,5.868,TRUE,1445.08466071433,FALSE
54604,"ontario",1975,43.8139381,-79.3748016,25,FALSE,5.398,TRUE,1477.66748205094,FALSE
54606,"ontario",1975,43.1889381,-79.3914566,25,FALSE,4.224,TRUE,1542.52312457873,FALSE
54608,"ontario",1975,43.1722794,-79.42202,25,FALSE,13.476,TRUE,1543.4430107942,FALSE
54621,"ontario",1975,43.6250381,-80.4165115,15,FALSE,7.956,TRUE,1470.02541442925,FALSE
54624,"ontario",1975,45.3885918,-75.7214127,15,FALSE,6.02,TRUE,1444.91696635496,FALSE
54626,"ontario",1975,45.3717117,-75.7280121,15,FALSE,11.935,TRUE,1446.26419593003,FALSE
54640,"ontario",1975,43.7107201,-80.6007996,15,FALSE,8.502,TRUE,1456.43666028958,FALSE
54648,"ontario",1975,42.9025803,-80.1831894,15,FALSE,6.768,TRUE,1552.30244607183,FALSE
54649,"ontario",1975,42.9080505,-80.1927872,15,FALSE,7.836,TRUE,1551.4875075756,FALSE
54651,"ontario",1975,42.8954086,-80.1878128,15,FALSE,4.83,TRUE,1552.95002443942,FALSE
54653,"ontario",1975,42.8791084,-80.1754227,15,FALSE,9.38,TRUE,1554.98194815731,FALSE
54656,"ontario",1975,42.8652916,-80.1820908,15,FALSE,5.07,TRUE,1556.28455879992,FALSE
54659,"ontario",1975,42.8750992,-80.1807327,15,FALSE,5.376,TRUE,1555.27736074657,FALSE
54685,"ontario",1975,42.0749397,-82.5889206,15,FALSE,4.08,TRUE,1592.19102562325,FALSE
54686,"ontario",1975,42.1694183,-82.5289383,15,FALSE,4.5318,TRUE,1582.89049773317,FALSE
54687,"ontario",1975,42.0703201,-82.5646286,15,FALSE,4.134,TRUE,1593.0937035957,FALSE
54688,"ontario",1975,42.0620689,-82.5420685,15,FALSE,2.9997,TRUE,1594.36499754131,FALSE
54689,"ontario",1975,42.1566811,-82.5383072,15,FALSE,9.165,TRUE,1584.12166057068,FALSE
54694,"ontario",1976,45.3717117,-75.7280121,15,FALSE,2.171,TRUE,1446.26419593003,FALSE
54726,"ontario",1976,43.3361702,-81.3859863,15,FALSE,6.768,TRUE,1478.45092193661,FALSE
54738,"ontario",1977,43.0328712,-79.7514572,15,FALSE,7.911,TRUE,1549.39316928025,FALSE
54740,"ontario",1977,42.9319496,-79.8313217,15,FALSE,5.655,TRUE,1557.98873429632,FALSE
54741,"ontario",1977,42.9330482,-79.7645111,15,FALSE,5.7615,TRUE,1559.58379798055,FALSE
54742,"ontario",1977,42.8599586,-79.7929001,15,FALSE,8.3216,TRUE,1566.57134744588,FALSE
54744,"ontario",1977,42.9286804,-79.6555328,15,FALSE,3.328,TRUE,1562.86213405616,FALSE
54754,"ontario",1978,45.30616,-75.6180115,25,TRUE,18.4964,TRUE,1456.93083528136,FALSE
54758,"ontario",1978,45.3058815,-75.6180115,25,TRUE,12.888,TRUE,1456.95741251704,FALSE
54766,"ontario",1978,45.4125519,-75.5152206,25,TRUE,13.524,TRUE,1450.94883643913,FALSE
54769,"ontario",1978,45.4178314,-75.5149384,25,TRUE,12.648,TRUE,1450.45877260951,FALSE
54770,"ontario",1978,45.4189415,-75.5157776,25,TRUE,12.822,TRUE,1450.31927534139,FALSE
54775,"ontario",1978,43.0631294,-79.8460312,15,FALSE,5.2901,TRUE,1543.76616522328,FALSE
54776,"ontario",1978,42.9339981,-79.5745316,15,FALSE,8.1159,TRUE,1564.41823435913,FALSE
54868,"ontario",1979,43.1889381,-79.3914566,25,FALSE,5.3682,TRUE,1542.52312457873,FALSE
54880,"ontario",1979,42.9065208,-80.4712601,15,FALSE,5.256,TRUE,1544.95453444186,FALSE
54887,"ontario",1979,42.9674187,-80.4952621,15,FALSE,13.14,TRUE,1537.90738609764,FALSE
54890,"ontario",1979,42.9201889,-79.8701401,15,FALSE,5.5298,TRUE,1558.2429300223,FALSE
54964,"ontario",1980,42.7164383,-80.3678436,15,FALSE,16.146,TRUE,1567.62930793042,FALSE
54966,"ontario",1980,42.7559586,-80.6643982,15,FALSE,6.6415,TRUE,1556.50747033141,FALSE
54970,"ontario",1980,42.7550583,-80.6644135,15,FALSE,9.291,TRUE,1556.60321415311,FALSE
54972,"ontario",1980,42.6264381,-80.6898499,15,FALSE,5.832,TRUE,1569.75912692791,FALSE
54973,"ontario",1980,42.9916382,-80.3852692,15,FALSE,12.6688,TRUE,1537.95194679076,FALSE
54974,"ontario",1980,42.9466209,-80.385231,15,FALSE,10.302,TRUE,1542.73650776784,FALSE
54975,"ontario",1980,42.9926682,-79.8694305,15,FALSE,5.398,TRUE,1550.60543483441,FALSE
54976,"ontario",1980,42.9374886,-79.8447037,15,FALSE,7.524,TRUE,1557.06258854065,FALSE
54980,"ontario",1980,42.9707794,-80.2389374,15,FALSE,4.5164,TRUE,1543.70661301462,FALSE
54981,"ontario",1980,42.8439789,-79.6139297,15,FALSE,7.9619,TRUE,1572.86977684473,FALSE
54983,"ontario",1980,42.9175797,-79.6692505,15,FALSE,12.6,TRUE,1563.67555740684,FALSE
65117,"quebec",1971,46.6666908,-71.9162064,15,FALSE,8.35,TRUE,1501.05565010739,FALSE
65140,"quebec",1972,45.5500488,-75.4163284,25,FALSE,4.3872,TRUE,1441.95670277462,FALSE
65196,"quebec",1978,45.1111488,-73.7037582,25,TRUE,13.707,TRUE,1555.56513732245,FALSE
75305,"new brunswick",1954,47.2547684,-67.9127884,25,TRUE,8.4177,TRUE,1664.15251250516,FALSE
75307,"new brunswick",1954,47.2639389,-67.9966888,25,TRUE,10.4828,TRUE,1658.83356455163,FALSE
75308,"new brunswick",1954,47.1472702,-67.8327866,25,TRUE,7.0392,TRUE,1676.74032040903,FALSE
75309,"new brunswick",1954,47.4000511,-67.7911224,25,TRUE,5.8324,TRUE,1659.89650073576,FALSE
75310,"new brunswick",1954,47.284771,-67.9183502,25,TRUE,15.994,TRUE,1661.56860342002,FALSE
75311,"new brunswick",1954,47.2878304,-67.9244614,25,TRUE,8.9548,TRUE,1660.99948308583,FALSE
75313,"new brunswick",1954,47.3047714,-67.9566879,25,TRUE,10.8301,TRUE,1657.93734667824,FALSE
75314,"new brunswick",1954,47.33255,-67.940567,25,TRUE,10.2128,TRUE,1656.72243808517,FALSE
75316,"new brunswick",1954,47.3689384,-67.8619614,25,TRUE,13.7464,TRUE,1658.31702983433,FALSE
75318,"new brunswick",1955,47.0750504,-67.6211166,25,TRUE,6.2458,TRUE,1693.90659198836,FALSE
75319,"new brunswick",1955,47.0747719,-67.620842,25,TRUE,12.46,TRUE,1693.94296173786,FALSE
75320,"new brunswick",1955,47.5692215,-67.4980469,25,TRUE,4.8963,TRUE,1663.58101546998,FALSE
75321,"new brunswick",1955,47.5417213,-67.3202667,25,TRUE,5.4558,TRUE,1675.56837791953,FALSE
75323,"new brunswick",1955,47.4792213,-67.6744537,25,TRUE,11.164,TRUE,1660.44020310466,FALSE
75324,"new brunswick",1955,47.1417198,-67.8091812,25,TRUE,7.7955,TRUE,1678.4629557609,FALSE
75328,"new brunswick",1956,47.3722687,-67.4411087,25,TRUE,25.4984,TRUE,1681.42937205104,FALSE
75330,"new brunswick",1956,47.8806114,-67.761673,25,TRUE,8.736,TRUE,1625.86944997671,FALSE
75332,"new brunswick",1957,47.5111618,-67.6494522,25,TRUE,8.048,TRUE,1659.44761519987,FALSE
75333,"new brunswick",1957,47.523941,-67.1091537,25,TRUE,12.046,TRUE,1688.72523647426,FALSE
75334,"new brunswick",1957,47.6633797,-67.5077667,25,TRUE,5.2794,TRUE,1656.07389346214,FALSE
75335,"new brunswick",1957,47.6278305,-67.328598,25,TRUE,13.0192,TRUE,1668.74321626655,FALSE
75336,"new brunswick",1958,47.9689407,-67.7716675,25,TRUE,8.3969,TRUE,1618.85685200805,FALSE
75338,"new brunswick",1958,46.7508812,-67.7536163,25,TRUE,7.2485,TRUE,1711.57791221256,FALSE
75339,"new brunswick",1958,47.2683792,-67.733902,25,TRUE,4.2556,TRUE,1672.99712002488,FALSE
75340,"new brunswick",1958,47.4267197,-67.4677811,25,TRUE,42.2376,TRUE,1675.8728566153,FALSE
75341,"new brunswick",1958,47.534771,-67.6933365,25,TRUE,13.18,TRUE,1655.24263501771,FALSE
75346,"new brunswick",1959,47.2528,-68.8286438,25,TRUE,9.6589,TRUE,1614.21266424208,FALSE
75347,"new brunswick",1959,47.2541885,-68.6161423,25,TRUE,8.8298,TRUE,1625.65632628094,FALSE
75348,"new brunswick",1961,47.0550385,-66.9897003,25,TRUE,22.0182,TRUE,1730.39895335752,FALSE
75350,"new brunswick",1961,47.0819893,-66.884697,25,TRUE,16.2696,TRUE,1734.21812295192,FALSE
75354,"new brunswick",1961,47.9725494,-66.9119186,25,TRUE,12.4081,TRUE,1667.24155945976,FALSE
75356,"new brunswick",1961,47.9689407,-67.7716675,25,TRUE,10.0168,TRUE,1618.85685200805,FALSE
75358,"new brunswick",1962,46.851429,-66.845253,25,TRUE,13.085,TRUE,1753.84707733405,FALSE
75442,"new brunswick",1972,45.4000702,-66.5661011,25,TRUE,6.4621,TRUE,1882.79845273686,FALSE
75555,"new brunswick",1973,46.0689583,-65.4541321,25,FALSE,4.7916,TRUE,1891.03245462793,FALSE
75560,"new brunswick",1974,46.750061,-65.1827011,25,FALSE,1.698,TRUE,1854.72824465103,FALSE
75561,"new brunswick",1974,45.9197807,-66.6119385,25,FALSE,4.069,TRUE,1838.88371967596,FALSE
75685,"new brunswick",1976,45.9217415,-65.5542526,15,FALSE,7.2144,TRUE,1896.85297617681,FALSE
75737,"new brunswick",1981,45.6542892,-65.6272812,15,FALSE,0.8007,TRUE,1913.7023745802,FALSE
85769,"nova scotia",1966,45.1667099,-63.8327293,25,FALSE,3.647,TRUE,2051.38094543438,FALSE
85772,"nova scotia",1966,45.8000717,-63.6160202,25,FALSE,4.701,TRUE,2014.86604467036,FALSE
85799,"nova scotia",1975,45.0676117,-64.4767227,150,FALSE,1.485,TRUE,2023.36319473946,FALSE
85800,"nova scotia",1975,45.0684586,-64.4805527,15,FALSE,13.476,TRUE,2023.0845904021,FALSE
85801,"nova scotia",1975,45.0684395,-64.4818192,15,FALSE,9.177,TRUE,2023.0160924121,FALSE
85805,"nova scotia",1976,45.1869583,-63.0693817,15,FALSE,4.824,TRUE,2092.68684495257,FALSE
85806,"nova scotia",1976,45.2157211,-63.1216316,15,FALSE,8.365,TRUE,2087.51947098924,FALSE
85841,"nova scotia",1980,45.4504013,-62.8199501,15,FALSE,12.9369,TRUE,2086.63721521012,FALSE
85844,"nova scotia",1980,45.5848198,-62.8369484,15,FALSE,7.704,TRUE,2075.46726251322,FALSE
85849,"nova scotia",1980,45.5610886,-62.6522484,15,FALSE,9.399,TRUE,2087.79944689625,FALSE
85861,"nova scotia",1980,45.6597214,-62.9467392,15,FALSE,5.0904,TRUE,2063.54332246438,FALSE
85863,"nova scotia",1980,45.4844589,-62.7412682,15,FALSE,18.214,TRUE,2088.52746287045,FALSE
85864,"nova scotia",1980,45.4302216,-62.5985909,15,FALSE,7.3172,TRUE,2100.77575379394,FALSE
85868,"nova scotia",1983,45.0583115,-64.4857483,15,FALSE,5.994,TRUE,2023.59909693841,FALSE
85869,"nova scotia",1983,45.0634384,-64.4861298,15,FALSE,5.655,TRUE,2023.17291585575,FALSE
85870,"nova scotia",1983,45.0643387,-64.4860306,15,FALSE,6.0525,TRUE,2023.10726958068,FALSE
85871,"nova scotia",1983,45.1202202,-63.3698692,15,FALSE,10.1001,TRUE,2080.93098250675,FALSE
85876,"nova scotia",1984,45.1365395,-64.4924927,15,FALSE,3.38,TRUE,2017.05309741658,FALSE
85879,"nova scotia",1984,45.1351318,-64.4902878,15,FALSE,5.5424,TRUE,2017.28605018191,FALSE
85884,"nova scotia",1984,45.0713997,-64.476181,15,FALSE,5.8946,TRUE,2023.09397010744,FALSE
95910,"prince edward island",1970,46.1950607,-62.9424019,25,FALSE,5.1206,TRUE,2023.7880653767,FALSE
95943,"prince edward island",1973,46.1267204,-62.6768303,25,FALSE,0.6564,TRUE,2044.12710357656,FALSE
95948,"prince edward island",1973,46.1639519,-62.903511,25,FALSE,5.67,TRUE,2028.32425859809,FALSE
95952,"prince edward island",1974,46.2928314,-62.7604408,25,FALSE,4.73,TRUE,2027.07966808168,FALSE
95965,"prince edward island",1981,46.9270096,-64.1838074,25,FALSE,2.5336,TRUE,1898.76699494273,FALSE
95966,"prince edward island",1981,46.6384087,-64.2849274,25,FALSE,3.5139,TRUE,1914.08453454855,FALSE
95971,"prince edward island",1981,46.6417389,-64.2838211,25,FALSE,5.2056,TRUE,1913.90224360846,FALSE
116316,"northern territories",1961,61.9500999,-121.5515137,27,FALSE,2.0624,TRUE,2024.88739931422,FALSE
116348,"northern territories",1963,61.3501282,-117.6847229,27,FALSE,2.7198,TRUE,1816.08991686062,FALSE
116367,"northern territories",1963,60.8001289,-115.7680283,27,TRUE,6.5597,TRUE,1707.57408930096,FALSE
116408,"northern territories",1971,67.4498978,-133.7857361,1502,TRUE,21.564,TRUE,2656.91887457156,TRUE
126661,"yukon territories",1958,60.8413506,-137.2519531,27,FALSE,2.556,TRUE,2865.31349744671,FALSE
126670,"yukon territories",1958,60.944149,-135.0963287,27,FALSE,2.1204,TRUE,2748.64505148761,FALSE
126674,"yukon territories",1958,60.7691193,-137.5533447,27,FALSE,5.6305,TRUE,2882.95929108972,FALSE
126677,"yukon territories",1958,60.8135796,-136.7861176,27,FALSE,1.9617,TRUE,2841.1901264973,FALSE
140008,"ontario",2000,44.0481682,-76.9063416,15,FALSE,5.017,TRUE,1531.63358911439,FALSE
140075,"ontario",2006,45.2964287,-75.7767029,15,FALSE,6.997047,TRUE,1451.52023253086,FALSE
140076,"ontario",2006,45.2846985,-75.7799377,15,FALSE,7.19616,TRUE,1452.51496191209,FALSE
140079,"ontario",2006,45.3263588,-75.5899811,15,FALSE,8.200056,TRUE,1456.13083750643,FALSE
140080,"ontario",2006,45.3182487,-75.6327133,15,FALSE,6.892442,TRUE,1455.18712477984,FALSE
140082,"ontario",2006,45.3266411,-75.610527,15,FALSE,7.67364,TRUE,1455.27758334378,FALSE
140083,"ontario",2006,45.3265419,-75.6106796,15,FALSE,9.283584,TRUE,1455.28091014584,FALSE
140084,"ontario",2006,45.3264999,-75.6106796,15,FALSE,7.77768,TRUE,1455.28491572919,FALSE
140085,"ontario",2006,45.2481804,-75.5924606,15,FALSE,6.860976,TRUE,1463.49109235574,FALSE
140086,"ontario",2006,45.2268105,-75.8903503,15,FALSE,13.232781,TRUE,1453.70069398158,FALSE
140087,"ontario",2006,45.2205582,-75.9562988,15,FALSE,59.97996,TRUE,1451.7099180683,FALSE
140088,"ontario",2006,45.2480507,-75.591423,15,FALSE,4.822135,TRUE,1463.54507778674,FALSE
140089,"ontario",2006,45.0677681,-75.7270813,15,FALSE,6.072832,TRUE,1475.4250836088,FALSE
140090,"ontario",2006,45.3843307,-76.0200882,15,FALSE,6.562935,TRUE,1433.45874954747,FALSE
140092,"ontario",2006,45.4623299,-76.1935501,15,FALSE,6.521213,TRUE,1419.15252687273,FALSE
140093,"ontario",2006,45.4442787,-76.0008621,15,FALSE,3.971736,TRUE,1428.46644351075,FALSE
140094,"ontario",2006,45.3486786,-75.9541016,15,FALSE,5.80747,TRUE,1439.48289721172,FALSE
140095,"ontario",2006,45.3068695,-76.0117111,15,FALSE,7.565256,TRUE,1441.23164912916,FALSE
140096,"ontario",2006,45.312191,-76.0185471,15,FALSE,3.675392,TRUE,1440.45152468294,FALSE
140097,"ontario",2006,45.1728096,-76.0005875,15,FALSE,7.43823,TRUE,1454.57689346058,FALSE
140099,"ontario",2006,45.4791985,-76.1437302,15,FALSE,4.515462,TRUE,1419.48471312162,FALSE
140100,"ontario",2006,45.4475212,-76.0052338,15,FALSE,5.172048,TRUE,1427.98277269666,FALSE
140101,"ontario",2006,45.0872917,-75.7637405,15,FALSE,9.41384,TRUE,1472.10215504933,FALSE
140102,"ontario",2006,45.0929413,-75.6017532,15,FALSE,5.075686,TRUE,1477.97395581254,FALSE
140103,"ontario",2006,45.4101295,-75.5483322,15,FALSE,8.369757,TRUE,1449.83705733067,FALSE
140107,"ontario",2006,45.3517418,-76.2654266,15,FALSE,6.356165,TRUE,1427.01005777491,FALSE
140108,"ontario",2006,45.5089798,-76.1958618,15,FALSE,5.386717,TRUE,1414.57741472177,FALSE
140109,"ontario",2006,45.3197784,-75.7748032,15,FALSE,5.35731,TRUE,1449.36076440018,FALSE
140110,"ontario",2006,45.3524399,-75.599968,15,FALSE,10.340568,TRUE,1453.24294707856,FALSE
140111,"ontario",2006,45.3769798,-75.422821,15,TRUE,9.31966,TRUE,1458.08110043841,FALSE
140112,"ontario",2006,45.1787491,-75.9697418,15,FALSE,7.457988,TRUE,1455.20967519858,FALSE
140113,"ontario",2006,45.4416809,-76.1077728,15,FALSE,7.31748,TRUE,1424.50122293881,FALSE
140114,"ontario",2006,45.2065086,-75.8975372,15,FALSE,6.468984,TRUE,1455.36961698373,FALSE
140493,"ontario",1999,44.7400093,-75.7266922,15,FALSE,6.0064336,TRUE,1507.06061384339,FALSE
140513,"ontario",1999,44.7521591,-76.2346878,15,FALSE,6.4181408,TRUE,1486.42175369002,FALSE
140514,"ontario",1999,44.5769196,-76.0328674,15,FALSE,6.150552,TRUE,1511.16706072997,FALSE
140516,"ontario",1999,44.4000587,-76.2315826,15,FALSE,10.699695,TRUE,1521.0435751609,FALSE
150176,"yukon territories",1982,63.2665482,-130.3519135,,TRUE,8.7848,TRUE,2478.18286054084,TRUE
150179,"yukon territories",1982,60.8663788,-135.1352234,,FALSE,1.23175,TRUE,2752.22688280175,TRUE
470003,"alberta",2011,55.4580612,-111.2577896,10000,TRUE,6.66,TRUE,1473.00835319254,TRUE
490017,"alberta",1979,53.0127792,-118.6491699,10000,FALSE,8.728,TRUE,2012.02296657783,TRUE
490023,"alberta",1979,52.7116699,-117.1255569,10000,FALSE,8.22,TRUE,1930.14775212901,TRUE
510005,"alberta",2013,54.7115517,-110.4597092,10000,TRUE,12,TRUE,1443.20529903189,TRUE
510010,"alberta",2013,54.7179604,-110.4597321,10000,TRUE,13.38,TRUE,1443.02123934705,TRUE
520002,"alberta",2009,56.2602882,-111.700737,10000,TRUE,9.29272,TRUE,1483.78348399884,TRUE
520003,"alberta",2009,56.2800789,-111.6324692,10000,TRUE,5.6958,TRUE,1479.27716134061,TRUE
520005,"alberta",2009,56.2573509,-111.587822,10000,TRUE,0.7305,TRUE,1476.94635520807,TRUE
520008,"alberta",2009,56.2718506,-111.7768478,10000,TRUE,7.524,TRUE,1488.2241623695,TRUE
540008,"alberta",2010,56.2769814,-113.3536911,10000,TRUE,8.295,TRUE,1584.18556708811,TRUE
540010,"alberta",2010,56.2996407,-113.3293304,10000,TRUE,0.95445,TRUE,1582.28056723637,TRUE
540011,"alberta",2010,56.3242798,-113.4807663,10000,TRUE,1.9354,TRUE,1591.03287385452,TRUE
550001,"alberta",2012,53.9994507,-110.6702118,10000,TRUE,2.92875,TRUE,1478.87532443315,TRUE
550004,"alberta",2012,54.02948,-110.5525513,10000,TRUE,1.6416,TRUE,1470.532500239,TRUE
550006,"alberta",2012,54.0696793,-110.6539993,10000,TRUE,18.27,TRUE,1475.46720353877,TRUE
550007,"alberta",2012,54.0734406,-110.6402512,10000,TRUE,1.4416,TRUE,1474.4853769017,TRUE
550008,"alberta",2012,54.0642509,-110.6284637,10000,FALSE,11.508,TRUE,1474.06467024406,TRUE
550009,"alberta",2012,54.0736694,-110.6341324,10000,TRUE,16.896,TRUE,1474.09740594103,TRUE
550010,"alberta",2012,54.059391,-110.6617966,10000,TRUE,20.658,TRUE,1476.30111221507,TRUE
550011,"alberta",2013,54.0931702,-110.4768066,10000,TRUE,1.067,TRUE,1463.66193872166,TRUE
550012,"alberta",2013,54.0750389,-110.4759827,10000,TRUE,2.0646,TRUE,1464.22351839245,TRUE
550013,"alberta",2013,54.1117401,-110.5262833,10000,TRUE,3.834,TRUE,1466.11128205402,TRUE
550014,"alberta",2013,54.1011086,-110.52565,10000,TRUE,4.59336,TRUE,1466.42950231404,TRUE
550015,"alberta",2013,54.0950584,-110.5143127,10000,TRUE,29.88,TRUE,1465.92887958822,TRUE
550016,"alberta",2011,54.0592995,-110.5850983,10000,TRUE,1.4448,TRUE,1471.53814093017,TRUE
550017,"alberta",2011,54.0520096,-110.5922928,10000,TRUE,1.5858,TRUE,1472.23321987902,TRUE
550018,"alberta",2011,54.0121307,-110.6220398,10000,TRUE,17.874,TRUE,1475.44555122047,TRUE
710001,"alberta",1977,53.4166718,-113.5500031,10000,FALSE,18.72,TRUE,1679.16403158814,TRUE
720001,"alberta",1986,54.3549881,-114.7419891,10000,FALSE,11.394,TRUE,1719.58724465865,TRUE
720003,"alberta",1986,54.3638611,-114.6391678,10000,TRUE,1.5948,TRUE,1712.93105785826,TRUE
720005,"alberta",1986,54.3336906,-114.6257782,10000,TRUE,13.356,TRUE,1713.09485955652,TRUE
720007,"alberta",1986,54.2555084,-114.7292404,10000,FALSE,5.885,TRUE,1722.1023738622,TRUE
720009,"alberta",1986,54.2718201,-114.6527176,10000,TRUE,15.96,TRUE,1716.81719466018,TRUE
720011,"alberta",1986,54.3123703,-114.5271606,10000,FALSE,10.8535,TRUE,1707.69311231281,TRUE
720014,"alberta",1986,54.2835617,-114.5029678,10000,FALSE,18.2912,TRUE,1707.15098687561,TRUE
720017,"alberta",1986,54.3252296,-114.523819,10000,TRUE,16.956,TRUE,1707.06105616137,TRUE
720018,"alberta",1986,54.2614288,-114.549942,10000,TRUE,22.752,TRUE,1710.79886359128,TRUE
720019,"alberta",1986,54.27882,-114.5778122,10000,TRUE,24.8925,TRUE,1711.94447365343,TRUE
800001,"alberta",1975,56.2333298,-117.4333267,10000,FALSE,6.3,TRUE,1832.66539272699,TRUE
840001,"alberta",2008,56.8835983,-112.1889267,10000,TRUE,19.44,TRUE,1503.95134763159,TRUE
840006,"alberta",2010,56.9170113,-112.1104431,10000,TRUE,1.6695,TRUE,1498.79067293194,TRUE
840007,"alberta",2010,56.7973404,-112.2334824,10000,TRUE,7.9056,TRUE,1507.78940813247,TRUE
840010,"alberta",2010,56.9220009,-112.1068115,10000,TRUE,0.9966,TRUE,1498.50899630993,TRUE
840011,"alberta",2009,56.8856697,-112.251358,10000,TRUE,15.48,TRUE,1507.6912598129,TRUE
860010,"alberta",2010,56.7407799,-111.2493591,10000,TRUE,8.463,TRUE,1449.0116463045,TRUE
860011,"alberta",2010,56.7535019,-111.1785278,10000,TRUE,2.019,TRUE,1444.55729710596,TRUE
870018,"alberta",1986,55,-114,10000,TRUE,2.35608,TRUE,1653.9711465934,TRUE
870022,"alberta",1986,54.0133286,-116.8666992,10000,TRUE,1.04852,TRUE,1862.81095792072,TRUE
870023,"alberta",1986,54.0250015,-116.9499969,10000,TRUE,15.7218,TRUE,1867.54822290157,TRUE
870024,"alberta",1986,54.0133286,-116.9832993,10000,TRUE,0.7436,TRUE,1870.02541043647,TRUE
870025,"alberta",1986,54.5716705,-117.4167023,10000,TRUE,1.67793,TRUE,1877.68336326738,TRUE
870026,"alberta",1986,54.5016708,-117.6667023,10000,TRUE,2.90411,TRUE,1895.39368533968,TRUE
870027,"alberta",1986,54.3199997,-118.3666992,10000,TRUE,6.22852,TRUE,1944.69282593787,TRUE
870033,"alberta",1986,54.216671,-118.3666992,10000,TRUE,4.2867,TRUE,1948.2924051828,TRUE
870034,"alberta",1986,54.3916702,-116.8167038,10000,TRUE,6.80622,TRUE,1846.63154532173,TRUE
870035,"alberta",1986,54.296669,-117.1333008,10000,TRUE,10.24725,TRUE,1869.39320549259,TRUE
870036,"alberta",1986,54.3100014,-117.0999985,10000,TRUE,1.64472,TRUE,1866.88185120377,TRUE
870037,"alberta",1986,54.3899994,-116.8332977,10000,TRUE,2.63033,TRUE,1847.71197309019,TRUE
870045,"alberta",1986,54.0999985,-116.4332962,10000,TRUE,7.36146,TRUE,1832.92661500026,TRUE
870046,"alberta",1986,54.3149986,-116.6166992,10000,TRUE,1.83978,TRUE,1836.85973732319,TRUE
870047,"alberta",1986,54.1283302,-116.2833023,10000,TRUE,6.64194,TRUE,1822.65537844192,TRUE
870048,"alberta",1986,54.2350006,-116.5999985,10000,TRUE,4.77172,TRUE,1838.55416471499,TRUE
870049,"alberta",1986,54.2016716,-116.5999985,10000,TRUE,4.43712,TRUE,1839.70117925182,TRUE
870050,"alberta",1986,54.1833305,-116.5832977,10000,TRUE,4.62737,TRUE,1839.30246188116,TRUE
870051,"alberta",1986,54.0566711,-116.6500015,10000,TRUE,3.31037,TRUE,1847.86165587618,TRUE
870052,"alberta",1986,54.046669,-116.6333008,10000,TRUE,1.53558,TRUE,1847.18239111489,TRUE
870053,"alberta",1986,54.1616707,-116.6333008,10000,TRUE,1.37739,TRUE,1843.14597269838,TRUE
870054,"alberta",1986,54.2916718,-116.8167038,10000,TRUE,4.95014,TRUE,1850.00857264624,TRUE
870055,"alberta",1986,54.0283318,-116.3499985,10000,TRUE,19.2641,TRUE,1830.29758800099,TRUE
870056,"alberta",1986,53.9983292,-116.3332977,10000,TRUE,5.76672,TRUE,1830.32978320265,TRUE
870057,"alberta",1986,54.2999992,-116.4332962,10000,TRUE,6.45542,TRUE,1826.03426436335,TRUE
870058,"alberta",1986,54.296669,-116.3000031,10000,TRUE,2.5131,TRUE,1817.90820088006,TRUE
870060,"alberta",1986,54.3233299,-116.25,10000,TRUE,2.07174,TRUE,1813.91774063868,TRUE
870076,"alberta",1986,54.5483284,-117.4167023,10000,TRUE,3.87182,TRUE,1878.44785787275,TRUE
870077,"alberta",1986,54.546669,-117.4332962,10000,TRUE,4.19556,TRUE,1879.52487165362,TRUE
870078,"alberta",1986,54.5133286,-117.5,10000,TRUE,2.66432,TRUE,1884.73411534601,TRUE
870079,"alberta",1986,54.5166702,-117.4832993,10000,TRUE,2.54902,TRUE,1883.59440290774,TRUE
870080,"alberta",1986,54.5699997,-118.1500015,10000,TRUE,1.1348,TRUE,1922.89477988633,TRUE
870081,"alberta",1986,54.5533295,-118.1500015,10000,TRUE,0.94461,TRUE,1923.44640957793,TRUE
870082,"alberta",1986,54.4833298,-118.0999985,10000,TRUE,3.60646,TRUE,1922.70017431233,TRUE
870083,"alberta",1986,54.4550018,-118.0667038,10000,TRUE,4.10964,TRUE,1921.60051948528,TRUE
870084,"alberta",1986,54.5666695,-118.1500015,10000,TRUE,1.80582,TRUE,1923.00485256303,TRUE
870086,"alberta",1986,54.5616684,-118.1667023,10000,TRUE,1.35984,TRUE,1924.19823942543,TRUE
870088,"alberta",1986,54.5550003,-117.8833008,10000,TRUE,2.08615,TRUE,1906.97095164945,TRUE
870095,"alberta",1986,54.5250015,-118.1999969,10000,TRUE,4.22976,TRUE,1927.4655465978,TRUE
870096,"alberta",1986,54.5550003,-117.8499985,10000,TRUE,3.02718,TRUE,1904.92018123858,TRUE
870098,"alberta",1986,54.6300011,-115.5167007,10000,TRUE,4.3414,TRUE,1758.63145414227,TRUE
870099,"alberta",1986,54.6300011,-115.5500031,10000,TRUE,8.03931,TRUE,1760.68735016233,TRUE
870100,"alberta",1986,54.7050018,-115.5167007,10000,TRUE,3.75852,TRUE,1756.28948683653,TRUE
870102,"alberta",1986,54.7533302,-115.4332962,10000,TRUE,2.0715,TRUE,1749.65465249757,TRUE
870103,"alberta",1986,54.7583389,-115.5500031,10000,TRUE,0.8388,TRUE,1756.69957408017,TRUE
870106,"alberta",1986,54.7383308,-115.6832962,10000,TRUE,1.58785,TRUE,1765.53571898678,TRUE
870110,"alberta",1986,54.7283287,-115.5167007,10000,TRUE,1.2654,TRUE,1755.56833295276,TRUE
870111,"alberta",1986,54.7483292,-115.5,10000,TRUE,1.35336,TRUE,1753.9226261598,TRUE
870113,"alberta",1986,54.8233299,-115.4167023,10000,TRUE,5.24726,TRUE,1746.50217668001,TRUE
870114,"alberta",1986,54.7299995,-115.4167023,10000,TRUE,1.09725,TRUE,1749.34752064556,TRUE
870115,"alberta",1986,54.7783318,-115.5167007,10000,TRUE,2.43,TRUE,1754.03410232132,TRUE
870116,"alberta",1986,54.7783318,-115.5,10000,TRUE,10.97052,TRUE,1753.00420618908,TRUE
870117,"alberta",1986,54.8050003,-115.3332977,10000,TRUE,6.78866,TRUE,1741.91341303734,TRUE
870118,"alberta",1986,54.8149986,-115.4332962,10000,TRUE,5.00172,TRUE,1747.77703761387,TRUE
870119,"alberta",1986,54.6650009,-115.5,10000,TRUE,3.30858,TRUE,1756.50335709391,TRUE
870123,"alberta",1986,54.6516685,-115.4167023,10000,TRUE,2.1882,TRUE,1751.77836126242,TRUE
870124,"alberta",1986,54.7333298,-115.3666992,10000,TRUE,4.84335,TRUE,1746.15993646298,TRUE
870125,"alberta",1986,54.6133308,-115.5667038,10000,TRUE,4.71796,TRUE,1762.24405594114,TRUE
870126,"alberta",1986,54.4766693,-115.4666977,10000,TRUE,3.26132,TRUE,1760.43927197599,TRUE
870127,"alberta",1986,54.5950012,-115.5667038,10000,TRUE,2.98372,TRUE,1762.8241348269,TRUE
870128,"alberta",1986,54.5883293,-115.5667038,10000,TRUE,3.97792,TRUE,1763.03580494193,TRUE
870129,"alberta",1986,54.4966698,-115.4167023,10000,TRUE,7.5187,TRUE,1756.70282157207,TRUE
870131,"alberta",1986,54.5699997,-115.4832993,10000,TRUE,1.60072,TRUE,1758.46762685477,TRUE
870132,"alberta",1986,54.5666695,-115.4332962,10000,TRUE,1.95606,TRUE,1755.48509705084,TRUE
870133,"alberta",1986,54.5616684,-115.4167023,10000,TRUE,2.49362,TRUE,1754.6193047238,TRUE
870134,"alberta",1986,54.203331,-116.1333008,10000,TRUE,1.70687,TRUE,1810.78098212461,TRUE
870135,"alberta",1986,54.1416702,-116.0999985,10000,TRUE,6.94,TRUE,1810.84860712978,TRUE
870148,"alberta",1986,54.125,-116.2833023,10000,TRUE,8.63316,TRUE,1822.77141979072,TRUE
870149,"alberta",1986,54.1300011,-116.1333008,10000,TRUE,11.43571,TRUE,1813.31484951907,TRUE
870151,"alberta",1986,54.078331,-116.2833023,10000,TRUE,16.15482,TRUE,1824.40454343977,TRUE
870152,"alberta",1986,54.0766716,-116.2833023,10000,TRUE,2.29847,TRUE,1824.46285018751,TRUE
870153,"alberta",1986,54.0566711,-116.2667007,10000,TRUE,1.3072,TRUE,1824.13922900594,TRUE
